"Rank","Pos","Player","Team","Bye","Pts","Upside","ADP","VBD","Games","Pts/G","Age","Drafted","Wk 1","Wk 2","Wk 3","Wk 4","Wk 5","Wk 6","Wk 7","Wk 8","Wk 9","Wk 10","Wk 11","Wk 12","Wk 13","Wk 14","Wk 15","Wk 16","Wk 17","Notes"
"1","RB1","Saquon Barkley","NYG","11","368.02","424.42","1","212.08","15.65","22.87","22","1","21.21","25.03","23.71","22.83","20.78","23.94","26.27","23.12","21.21","22.06","0.00","18.09","22.66","23.85","26.81","22.83","23.85",""
"2","RB2","Christian McCaffrey","CAR","7","346.58","399.65","3","190.64","15.65","21.53","23","1","20.15","22.45","24.87","19.69","18.42","22.45","0.00","22.38","16.85","21.46","25.39","18.18","21.62","25.39","22.19","22.77","18.18",""
"3","RB3","Alvin Kamara","NO","9","340.50","392.54","2","184.56","15.65","21.15","24","3","19.67","20.13","22.17","20.07","22.43","18.41","17.11","24.85","0.00","25.36","22.43","18.59","25.36","22.36","22.75","16.83","18.59",""
"4","WR1","DeAndre Hopkins","HOU","10","301.92","350.18","5","135.90","16.00","18.87","27","1","22.60","15.74","17.28","20.27","19.75","21.23","18.05","18.42","15.74","0.00","14.16","18.05","20.34","19.51","22.08","20.90","22.08","LASTCHANCE"
"5","WR2","Davante Adams","GB","11","290.35","331.30","7","124.32","15.30","17.85","26","2","18.12","15.01","18.47","21.77","16.30","18.03","17.43","20.09","16.35","19.18","0.00","18.72","17.45","18.79","18.12","15.01","18.03","LASTCHANCE"
"6","WR3","Julio Jones","ATL","9","288.75","329.44","8","122.72","15.30","17.75","30","1","14.08","20.43","16.03","19.61","19.39","16.15","18.14","17.19","0.00","20.06","18.00","18.56","20.06","18.00","17.56","13.98","18.56","LASTCHANCE"
"7","WR4","Tyreek Hill","KC","12","287.63","328.19","11","121.60","15.30","17.68","25","5","14.91","17.44","13.41","18.04","17.10","20.68","18.48","20.57","15.02","20.91","16.36","0.00","17.44","19.26","18.48","18.13","16.36","LASTCHANCE"
"8","RB4","Ezekiel Elliott","DAL","8","294.03","331.01","4","138.08","14.45","17.84","24","1","20.75","17.67","20.75","14.86","17.53","17.07","18.45","0.00","20.75","16.08","17.89","18.52","19.37","13.99","16.46","18.45","17.67","LASTCHANCE"
"9","WR5","Michael Thomas","NO","9","285.44","331.14","9","119.42","16.00","17.84","26","2","19.99","18.70","17.72","15.77","19.14","14.41","17.53","16.65","0.00","18.08","19.14","18.56","18.08","18.11","16.53","20.22","18.56","LASTCHANCE"
"10","WR6","JuJu Smith-Schuster","PIT","7","284.64","330.21","14","118.62","16.00","17.79","22","2","19.28","18.35","18.75","17.75","13.42","16.37","0.00","18.91","17.11","19.36","17.29","17.75","17.29","17.24","15.80","23.20","13.42","LASTCHANCE"
"11","WR7","Odell Beckham","CLE","7","284.61","320.00","10","118.58","14.65","17.24","26","1","19.81","21.96","18.33","12.71","17.75","17.37","0.00","18.25","17.51","14.95","18.63","17.91","18.63","16.81","16.32","12.71","16.81","LASTCHANCE"
"12","RB5","David Johnson","ARI","12","283.95","324.51","6","128.00","15.30","17.49","27","3","17.80","13.54","15.13","18.04","20.81","20.64","20.64","14.78","18.20","18.25","18.20","0.00","16.38","14.43","18.42","18.04","16.38","LASTCHANCE"
"13","TE1","Travis Kelce","KC","12","273.66","311.81","15","113.64","15.30","16.80","29","3","14.19","19.19","17.32","17.35","21.53","21.59","16.76","15.48","14.43","11.61","12.66","0.00","19.19","18.22","16.76","16.65","12.66","LASTCHANCE"
"14","RB6","Nick Chubb","CLE","7","261.71","298.82","17","105.76","15.30","16.10","23","2","13.00","16.12","15.54","12.84","17.27","17.12","0.00","17.49","16.08","18.28","13.69","19.59","13.69","19.75","19.19","12.84","19.75","LASTCHANCE"
"15","RB7","James Conner","PIT","7","261.53","295.42","13","105.59","14.80","15.92","24","3","15.96","15.62","15.76","18.02","11.72","15.78","0.00","17.87","16.03","14.18","15.95","18.02","15.95","17.51","16.68","14.71","11.72","LASTCHANCE"
"16","WR8","Mike Evans","TB","7","257.71","293.41","20","91.68","15.30","15.81","26","1","15.78","16.17","14.71","16.30","18.03","16.17","0.00","17.62","15.44","14.51","18.03","15.76","12.56","14.40","15.20","17.42","15.76","LASTCHANCE"
"17","RB8","Joe Mixon","CIN","9","261.42","297.57","18","105.47","15.15","16.03","23","2","17.13","17.28","18.29","13.70","19.20","12.85","14.22","15.55","0.00","12.85","15.94","13.70","16.13","17.49","17.50","19.60","17.49",""
"18","RB9","LeVeon Bell","NYJ","4","257.70","292.00","12","101.76","14.95","15.73","27","2","16.95","16.21","16.21","0.00","16.15","14.37","16.21","13.18","18.16","18.16","15.46","14.77","18.31","18.16","11.91","12.70","16.95","LASTCHANCE"
"19","WR9","Antonio Brown","OAK","6","251.65","281.66","21","85.62","14.65","15.18","31","6","15.21","16.55","12.36","14.07","14.93","0.00","16.93","17.02","14.85","13.47","14.60","19.08","16.55","17.21","12.27","13.47","15.21","LASTCHANCE"
"20","RB10","Dalvin Cook","MIN","12","256.41","289.66","19","100.47","14.80","15.60","24","2","18.05","15.26","14.69","12.18","18.05","16.06","15.57","15.37","18.11","14.28","14.82","0.00","15.78","15.57","15.94","15.26","12.18",""
"21","RB11","Todd Gurley","LAR","9","255.88","285.98","16","99.94","14.30","15.41","25","1","13.56","13.24","16.51","16.35","16.16","16.30","18.49","18.64","0.00","12.93","12.47","12.13","18.12","16.16","14.63","16.30","18.12","LASTCHANCE"
"22","WR10","Keenan Allen","LAC","12","247.07","277.47","25","81.05","14.80","14.95","27","3","13.95","14.72","16.87","15.42","15.08","16.05","17.06","14.80","16.79","14.24","16.41","0.00","15.08","12.17","12.25","14.24","16.41","INJ"
"23","WR11","Adam Thielen","MIN","12","244.48","283.65","23","78.46","16.00","15.28","29","u","15.42","16.96","14.38","14.95","14.40","17.96","14.87","15.51","16.58","13.45","15.24","0.00","15.12","14.87","13.49","16.96","14.95",""
"24","RB12","Kerryon Johnson","DET","5","237.07","270.34","24","81.12","15.30","14.56","22","2","16.97","15.29","15.41","17.38","0.00","14.64","13.42","17.32","14.09","11.68","13.70","14.75","11.68","13.42","15.31","14.22","14.64",""
"25","WR12","Stefon Diggs","MIN","12","238.51","271.14","30","72.48","15.30","14.61","25","5","14.74","16.21","13.75","14.29","13.76","17.17","14.21","14.82","15.84","12.85","14.56","0.00","14.45","14.21","12.89","16.21","14.29",""
"26","TE2","Zach Ertz","PHI","10","229.66","260.90","26","69.64","15.30","14.05","28","2","12.35","12.68","16.60","14.81","13.67","13.81","14.74","11.21","15.94","0.00","17.43","12.24","17.04","12.04","12.35","14.74","12.04",""
"27","WR13","Amari Cooper","DAL","8","236.08","269.89","29","70.05","15.50","14.54","25","1","13.32","14.35","14.42","16.33","15.70","17.68","16.62","0.00","13.32","11.46","13.76","14.70","12.04","13.84","14.76","16.62","14.35",""
"28","RB13","Leonard Fournette","JAX","10","228.86","256.74","27","72.92","14.65","13.83","24","1","16.77","12.96","11.09","13.72","12.25","11.97","16.85","13.76","12.96","0.00","14.99","11.09","14.78","14.76","13.60","16.72","14.99",""
"29","RB14","Damien Williams","KC","12","223.74","250.85","28","67.80","14.65","13.51","27","u","12.39","13.89","11.20","14.72","15.31","13.24","14.02","14.43","13.23","11.33","15.07","0.00","13.89","15.25","14.02","11.52","15.07",""
"30","TE3","George Kittle","SF","4","222.14","252.10","31","62.12","15.30","13.58","25","5","14.91","17.16","16.32","0.00","16.10","14.39","11.64","15.85","10.64","11.54","10.64","13.97","15.64","9.34","11.96","14.39","11.54",""
"31","RB15","Aaron Jones","GB","11","218.18","246.08","34","62.24","14.95","13.26","24","5","10.84","12.45","13.18","14.29","12.71","13.85","13.07","16.11","14.18","11.78","0.00","14.16","16.06","13.68","10.84","12.45","13.85",""
"32","RB16","Devonta Freeman","ATL","9","217.74","246.85","32","61.79","15.15","13.30","27","4","12.89","14.80","14.92","11.04","12.90","16.30","13.20","14.54","0.00","11.91","12.20","14.71","11.91","12.20","14.67","12.07","14.71",""
"33","RB17","Chris Carson","SEA","11","217.53","244.38","35","61.59","14.80","13.17","24","7","15.77","10.93","11.20","15.32","12.41","13.96","10.25","15.64","13.83","13.79","0.00","13.91","12.12","12.41","11.46","15.32","13.79",""
"34","WR14","Julian Edelman","NE","10","222.46","245.47","36","56.43","14.30","13.23","33","7","13.99","13.44","16.49","11.23","13.38","12.42","16.49","12.29","9.54","0.00","15.50","11.60","14.71","14.30","12.62","11.23","13.44",""
"35","RB18","Derrick Henry","TEN","11","212.43","241.73","38","56.48","15.30","13.02","25","2","13.78","13.85","11.21","15.44","14.42","12.67","13.63","13.65","11.32","15.49","0.00","11.21","13.85","12.56","11.97","11.06","11.97",""
"36","WR15","T.Y. Hilton","IND","6","217.71","247.01","33","51.68","15.30","13.31","29","3","11.38","14.55","13.01","12.14","13.99","0.00","14.39","12.85","13.68","13.15","10.37","14.39","14.55","13.77","14.89","13.35","10.37",""
"37","RB19","Josh Jacobs","OAK","6","206.99","235.26","37","51.04","15.30","12.68","21","1","7.81","12.73","11.06","14.23","10.70","0.00","13.41","12.30","13.68","14.00","15.99","13.05","15.91","10.53","11.51","14.00","13.02","rookie"
"38","RB20","Sony Michel","NE","10","206.78","231.07","42","50.84","14.65","12.45","24","1","10.02","14.34","11.80","13.39","12.21","14.34","11.80","12.80","9.40","0.00","12.75","11.34","11.12","14.38","14.46","13.39","14.34",""
"39","WR16","Tyler Lockett","SEA","11","215.36","249.79","44","49.34","16.00","13.46","26","3","13.04","14.45","15.72","12.66","14.22","12.70","9.86","13.74","14.55","13.77","0.00","16.01","11.03","14.22","14.11","12.66","13.77",""
"40","QB1","Patrick Mahomes","KC","12","353.59","403.39","22","55.82","15.65","21.74","23","1","20.30","23.50","17.25","23.35","23.38","25.98","20.70","23.26","19.87","20.83","20.11","0.00","23.50","24.50","20.70","20.07","20.11",""
"41","WR17","Brandin Cooks","LAR","9","213.31","244.54","40","47.28","15.65","13.18","25","1","13.95","15.56","12.56","14.39","13.33","13.62","13.60","12.90","0.00","14.30","13.18","9.75","12.52","13.33","11.85","13.62","12.52",""
"42","RB21","Marlon Mack","IND","6","201.70","226.91","39","45.76","14.95","12.23","23","4","13.37","10.05","15.14","12.32","15.19","0.00","11.74","12.43","10.59","15.14","10.99","11.74","10.05","13.39","10.85","11.10","10.99",""
"43","WR18","Tyler Boyd","CIN","9","210.51","238.66","50","44.48","15.30","12.86","25","2","13.32","13.61","11.47","14.29","12.52","9.75","10.83","14.06","0.00","9.75","12.68","14.29","16.84","12.55","14.00","13.73","12.55",""
"44","WR19","Kenny Golladay","DET","5","207.31","234.94","45","41.28","15.30","12.66","25","3","12.14","11.53","15.35","14.17","0.00","14.49","10.58","12.30","12.29","12.78","11.49","13.25","12.78","10.58","13.95","13.02","14.49",""
"45","WR20","Robert Woods","LAR","9","205.84","230.75","46","39.82","14.95","12.43","27","2","13.16","14.67","11.85","13.57","12.57","12.84","12.82","12.16","0.00","13.48","12.43","9.20","11.81","12.57","11.18","12.84","11.81",""
"46","RB22","Mark Ingram","BAL","8","193.60","215.58","43","37.65","14.60","11.61","29","1","12.99","12.73","13.04","11.60","9.08","13.10","11.36","0.00","11.60","13.10","10.08","10.31","11.46","12.13","10.69","11.60","9.08",""
"47","WR21","Cooper Kupp","LAR","9","203.63","229.54","49","37.61","15.15","12.37","26","3","13.10","14.60","11.79","13.51","12.51","12.78","12.76","12.10","0.00","13.42","12.37","9.15","11.75","12.51","11.13","12.78","11.75",""
"48","WR22","Chris Godwin","TB","7","202.40","234.78","48","36.38","16.00","12.65","23","3","12.62","12.93","11.77","13.04","14.42","12.93","0.00","14.09","12.35","11.61","14.42","12.60","10.05","11.52","12.15","13.93","12.60",""
"49","RB23","Phillip Lindsay","DEN","10","191.95","217.92","51","36.00","15.30","11.74","25","u","11.39","9.44","11.83","10.16","12.36","9.29","14.04","12.55","12.49","0.00","10.85","13.07","12.36","10.85","14.04","12.07","11.39",""
"50","WR23","Calvin Ridley","ATL","9","201.12","233.25","54","35.10","16.00","12.57","24","1","9.97","14.47","11.35","13.89","13.73","11.44","12.85","12.17","0.00","14.21","12.75","13.14","14.21","12.75","12.44","9.90","13.14",""
"51","RB24","Duke Johnson","HOU","10","189.46","217.44","84","33.52","15.65","11.71","25","3","10.26","10.40","12.65","10.50","14.33","14.38","12.85","11.66","10.40","0.00","9.40","12.85","12.80","11.76","9.51","12.67","9.51",""
"52","RB25","James White","NE","10","187.79","212.99","53","31.84","15.30","11.48","27","4","9.24","13.21","10.87","12.34","11.25","13.21","10.87","11.79","8.67","0.00","11.75","10.46","10.25","13.26","13.32","12.34","13.21",""
"53","RB26","Austin Ekeler","LAC","12","184.31","207.23","65","28.37","15.00","11.16","24","u","12.37","11.89","10.69","13.79","11.32","9.64","9.15","9.30","11.66","11.22","13.84","0.00","11.32","10.01","10.69","11.22","13.84",""
"54","RB27","Tevin Coleman","SF","4","183.82","207.55","56","27.87","15.15","11.18","26","3","11.72","13.36","9.27","0.00","11.83","10.52","11.29","9.72","12.98","11.58","12.98","11.20","8.69","9.49","13.25","10.52","11.58",""
"55","QB2","Deshaun Watson","HOU","10","333.42","377.25","41","35.65","15.50","20.33","23","1","21.98","18.32","18.15","20.45","22.56","25.93","21.09","21.21","18.32","0.00","15.57","21.09","22.10","18.68","18.80","21.85","18.80",""
"56","WR24","D.J. Moore","CAR","7","189.92","220.26","61","23.90","16.00","11.87","22","1","12.13","12.41","10.80","12.97","9.35","12.41","0.00","11.75","13.11","12.90","11.73","13.42","11.79","11.73","11.50","10.72","13.42",""
"57","RB28","Kenyan Drake","MIA","5","179.51","200.74","70","23.56","14.85","10.81","25","3","8.23","11.21","9.93","11.08","0.00","10.69","11.72","8.78","10.33","11.26","11.72","11.20","11.16","10.33","12.55","12.66","11.21",""
"58","WR25","Alshon Jeffery","PHI","10","189.52","211.87","59","23.50","14.95","11.41","29","2","11.81","11.75","11.33","12.92","14.56","9.43","10.24","9.92","11.39","0.00","12.10","11.52","11.87","10.97","11.81","10.24","10.97",""
"59","TE4","Evan Engram","NYG","11","181.98","205.41","57","21.96","15.30","11.07","24","1","11.41","8.68","12.24","9.56","10.70","13.50","8.74","12.85","11.41","10.59","0.00","12.34","11.47","10.39","13.20","9.56","10.39",""
"60","WR26","Mike Williams","LAC","12","187.71","214.85","60","21.68","15.65","11.58","24","1","10.80","11.40","13.07","11.94","11.67","12.43","13.21","11.46","13.00","11.02","12.70","0.00","11.67","9.42","9.49","11.02","12.70",""
"61","WR27","Jarvis Landry","CLE","7","187.52","217.47","64","21.50","16.00","11.72","26","2","13.46","14.92","12.45","8.63","12.06","11.80","0.00","12.40","11.90","10.16","12.66","12.17","12.66","11.42","11.09","8.63","11.42",""
"62","WR28","Allen Robinson","CHI","6","186.96","208.80","67","20.94","14.95","11.25","26","2","12.46","11.19","11.39","9.09","10.56","0.00","12.96","9.91","13.19","10.92","11.72","10.57","10.92","9.88","12.46","12.18","9.09",""
"63","WR29","Robby Anderson","NYJ","4","186.03","210.34","68","20.00","15.30","11.33","26","u","10.09","11.04","12.31","0.00","13.93","10.42","12.31","9.53","12.08","11.16","12.02","11.15","11.34","12.08","8.57","12.57","10.09",""
"64","WR30","A.J. Green","CIN","9","182.94","185.60","63","16.92","11.50","10.00","31","1","10.35","10.58","8.92","11.11","9.73","7.57","8.42","10.93","0.00","7.57","9.85","11.11","13.09","9.76","10.88","10.68","9.76","INJ"
"65","WR31","Corey Davis","TEN","11","181.76","210.82","76","15.74","16.00","11.36","24","1","10.97","10.86","9.47","11.88","10.03","11.74","10.39","12.57","12.19","12.77","0.00","9.47","10.86","11.08","13.14","13.59","13.14",""
"66","TE5","O.J. Howard","TB","7","175.42","197.95","58","15.40","15.30","10.66","24","1","10.44","12.65","9.06","11.49","7.46","12.65","0.00","8.36","9.21","8.49","7.46","9.55","10.22","15.51","12.50","15.56","9.55",""
"67","WR32","Dede Westbrook","JAX","10","180.48","209.41","74","14.46","16.00","11.28","25","4","11.67","12.00","12.14","10.73","11.14","12.42","10.30","13.46","12.00","0.00","9.93","12.14","11.49","9.50","10.13","10.86","9.93",""
"68","RB29","Melvin Gordon","LAC","12","168.02","168.02","47","12.08","8.30","8.97","26","1","9.94","9.56","8.60","11.09","9.10","7.75","7.36","7.48","9.37","9.02","11.12","0.00","9.10","8.04","8.59","9.02","11.12",""
"69","WR33","Sammy Watkins","KC","12","177.18","192.90","75","11.15","14.30","10.40","26","1","8.77","10.26","7.89","10.61","10.05","12.16","10.86","12.10","8.83","12.30","9.62","0.00","10.26","11.33","10.86","10.66","9.62",""
"70","WR34","Marvin Jones","DET","5","174.50","197.22","87","8.48","15.35","10.63","29","5","10.19","9.68","12.88","11.89","0.00","12.17","8.88","10.33","10.32","10.72","9.64","11.12","10.72","8.88","11.71","10.93","12.17",""
"71","RB30","David Montgomery","CHI","6","163.95","185.31","55","8.00","15.30","9.99","22","3","3.51","4.55","5.90","7.52","9.02","0.00","9.93","12.24","12.33","11.95","11.00","13.86","11.95","10.97","11.72","13.91","10.74","rookie"
"72","TE6","Hunter Henry","LAC","12","168.38","189.63","66","8.36","15.30","10.22","24","2","12.58","10.14","12.62","10.41","9.80","10.56","6.78","9.73","9.05","11.21","13.23","0.00","9.80","8.29","8.43","11.21","13.23",""
"73","WR35","Larry Fitzgerald","ARI","12","172.19","196.90","86","6.16","15.65","10.61","35","1","10.43","7.76","11.10","10.60","10.26","10.82","10.10","12.37","10.83","11.45","10.83","0.00","11.19","11.37","9.99","10.60","11.19",""
"74","RB31","Tarik Cohen","CHI","6","161.78","185.28","69","5.84","15.65","9.98","24","4","9.96","9.68","10.04","9.14","9.59","0.00","8.44","10.41","10.49","10.17","9.36","11.79","10.17","9.33","9.96","11.83","9.14",""
"75","WR36","Courtland Sutton","DEN","10","170.40","197.66","93","4.38","16.00","10.65","23","2","10.40","10.81","12.27","8.89","9.76","12.47","11.99","10.20","10.30","0.00","8.96","9.41","9.76","12.33","11.99","10.76","10.40",""
"76","WR37","Christian Kirk","ARI","12","170.35","192.10","78","4.32","15.30","10.35","22","2","10.18","7.57","10.83","10.35","10.01","10.56","9.85","12.08","10.57","11.17","10.57","0.00","10.92","11.10","9.75","10.35","10.92",""
"77","WR38","Sterling Shepard","NYG","11","169.70","191.78","79","3.68","15.35","10.33","25","2","9.13","8.84","11.08","10.53","8.41","10.78","9.64","10.10","9.13","12.98","0.00","10.15","11.52","12.20","10.58","10.53","12.20","INJ"
"78","WR39","Emmanuel Sanders","DEN","10","167.21","206.50","88","1.18","13.80","11.13","32","3","0.00","0.00","0.00","0.00","0.00","9.07","13.96","14.83","14.99","0.00","13.03","13.69","14.20","17.94","17.45","15.65","15.14",""
"79","WR40","Golden Tate","NYG","11","166.88","168.90","116","0.86","12.00","9.10","31","2","8.04","7.78","9.76","9.27","7.40","9.50","8.49","8.89","8.04","11.42","0.00","8.94","10.14","10.74","9.32","9.27","10.74","SUS"
"80","RB32","Peyton Barber","TB","7","156.34","178.94","102","0.40","15.65","9.64","25","u","10.37","8.62","11.76","9.33","8.42","8.62","0.00","7.80","10.28","11.52","8.42","11.76","8.53","10.54","10.14","9.12","11.76",""
"81","WR41","Josh Gordon","NE","10","163.98","167.04","82","-2.04","12.35","9.00","28","2","9.52","9.15","11.22","7.64","9.10","8.45","11.22","8.36","6.49","0.00","10.55","7.89","10.01","9.73","8.59","7.64","9.15","SUS"
"82","QB3","Lamar Jackson","BAL","8","305.33","341.18","106","7.56","15.30","18.38","22","1","19.23","14.64","22.96","16.44","17.39","20.11","17.43","0.00","19.57","20.11","20.76","18.18","18.59","14.02","20.94","16.44","17.39",""
"83","WR42","Curtis Samuel","CAR","7","163.63","184.35","92","-2.40","15.30","9.93","23","2","10.15","10.39","9.04","10.85","7.82","10.39","0.00","9.83","10.97","10.80","9.82","11.23","9.87","9.82","9.62","8.97","11.23",""
"84","QB4","Aaron Rodgers","GB","11","304.53","340.13","52","6.76","15.30","18.33","35","1","16.73","16.56","17.25","21.07","17.26","19.47","19.59","23.95","16.77","18.89","0.00","19.40","17.06","18.68","16.73","16.56","19.47",""
"85","QB5","Cam Newton","CAR","7","300.88","333.31","81","3.11","15.15","17.96","30","1","17.83","18.98","14.36","20.36","15.91","18.98","0.00","18.24","16.32","18.23","19.59","19.09","17.56","19.59","17.09","18.32","19.09","INJ"
"86","QB6","Matt Ryan","ATL","9","298.71","339.81","62","0.94","15.65","18.31","34","1","16.11","20.49","18.95","16.89","21.07","14.85","18.45","17.68","0.00","19.75","18.37","19.63","19.75","18.37","18.87","16.46","19.63",""
"87","WR43","Will Fuller","HOU","10","160.84","171.84","73","-5.19","13.95","9.26","25","1","11.09","7.72","8.48","9.94","9.69","10.42","8.86","9.04","7.72","0.00","6.95","8.86","9.98","9.57","10.83","10.26","10.83",""
"88","QB7","Russell Wilson","SEA","11","297.43","338.27","83","-0.34","15.65","18.23","30","3","20.84","18.02","20.16","15.17","18.84","17.03","14.28","20.69","20.05","19.26","0.00","20.93","16.45","18.84","18.76","15.17","19.26",""
"89","WR44","Keke Coutee","HOU","10","158.32","175.55","121","-7.70","14.95","9.46","22","4","11.33","7.89","8.66","10.16","9.90","10.65","9.05","9.24","7.89","0.00","7.10","9.05","10.20","9.78","11.07","10.48","11.07","INJ"
"90","RB33","Latavius Murray","NO","9","149.71","168.90","91","-6.24","15.30","9.10","28","6","8.46","8.66","9.54","8.63","9.65","7.92","7.36","10.69","0.00","10.91","9.65","8.00","10.91","9.62","9.79","7.24","8.00",""
"91","RB34","Derrius Guice","WAS","10","149.20","160.26","77","-6.74","13.95","8.64","22","2","8.90","7.92","6.75","10.01","8.94","10.01","8.83","7.76","9.35","0.00","8.24","8.63","7.34","8.46","8.90","10.01","7.92",""
"92","WR45","Marquez Valdes-Scantling","GB","11","156.51","178.78","104","-9.52","15.65","9.63","24","5","9.78","8.10","9.96","11.75","8.79","9.73","9.41","10.84","8.82","10.35","0.00","10.10","9.41","10.14","9.78","8.10","9.73","UPS"
"93","QB8","Carson Wentz","PHI","10","297.17","331.62","72","-0.60","15.30","17.87","26","1","18.14","20.24","18.91","18.83","21.22","16.08","16.76","14.20","16.25","0.00","19.83","17.66","19.48","16.57","18.14","16.76","16.57",""
"94","WR46","Donte Moncrief","PIT","7","153.79","169.22","110","-12.23","14.80","9.12","26","3","9.88","9.40","9.61","9.10","6.88","8.39","0.00","9.69","8.77","9.92","8.86","9.10","8.86","8.83","8.10","11.89","6.88",""
"95","WR47","Jamison Crowder","NYJ","4","153.71","172.77","130","-12.32","15.30","9.31","26","4","8.29","9.07","10.11","0.00","11.44","8.56","10.11","7.83","9.92","9.17","9.87","9.16","9.31","9.92","7.04","10.32","8.29",""
"96","RB35","Royce Freeman","DEN","10","145.71","164.26","101","-10.24","15.30","8.85","23","3","8.58","7.12","8.92","7.66","9.31","7.00","10.58","9.46","9.42","0.00","8.18","9.85","9.31","8.18","10.58","9.10","8.58",""
"97","WR48","Dante Pettis","SF","4","153.20","169.54","98","-12.82","14.95","9.14","23","2","9.80","8.78","9.73","0.00","8.55","9.57","9.31","9.50","8.52","9.07","8.52","10.18","6.64","10.59","9.26","9.57","9.07",""
"98","RB36","LeSean McCoy","BUF","6","144.16","158.08","100","-11.79","14.60","8.52","31","2","8.20","9.96","10.04","8.89","6.61","0.00","9.96","8.86","8.48","8.89","9.96","8.18","7.88","6.53","6.96","8.89","8.20",""
"99","WR49","DeSean Jackson","PHI","10","152.02","163.49","112","-14.01","14.25","8.81","32","2","9.11","9.07","8.74","9.97","11.23","7.28","7.90","7.65","8.79","0.00","9.34","8.89","9.16","8.46","9.11","7.90","8.46",""
"100","WR50","DK Metcalf","SEA","11","151.42","163.17","128","-14.61","14.30","8.79","21","2","3.06","4.52","6.15","6.93","8.90","8.94","7.71","10.76","11.38","10.77","0.00","12.53","8.64","11.13","11.04","9.91","10.77","rookie, INJ"
"101","WR51","Tyrell Williams","OAK","6","151.36","175.68","126","-14.66","16.00","9.46","27","u","9.48","10.32","7.71","8.77","9.31","0.00","10.56","10.61","9.26","8.40","9.10","11.90","10.32","10.73","7.65","8.40","9.48",""
"102","WR52","Michael Gallup","DAL","8","151.04","175.23","129","-14.98","16.00","9.44","23","3","8.65","9.32","9.37","10.60","10.20","11.49","10.80","0.00","8.65","7.44","8.94","9.55","7.82","8.99","9.59","10.80","9.32",""
"103","RB37","Dion Lewis","TEN","11","141.70","157.31","111","-14.24","14.95","8.48","28","5","8.97","9.01","7.29","10.05","9.38","8.25","8.87","8.89","7.37","10.08","0.00","7.29","9.01","8.18","7.79","7.20","7.79",""
"104","WR53","Mohamed Sanu","ATL","9","149.55","167.97","134","-16.48","15.30","9.05","30","3","7.18","10.42","8.18","10.00","9.89","8.24","9.25","8.77","0.00","10.24","9.18","9.47","10.24","9.18","8.96","7.13","9.47",""
"105","TE7","Jared Cook","NO","9","158.65","181.12","80","-1.38","15.65","9.76","32","3","13.62","10.06","8.06","9.71","10.42","8.95","10.50","7.44","0.00","8.36","10.42","11.07","8.36","9.14","13.58","7.32","11.07",""
"106","RB38","Rashaad Penny","SEA","11","139.95","157.60","94","-16.00","15.30","8.49","23","1","10.17","7.05","7.22","9.88","8.00","9.00","6.61","10.08","8.92","8.89","0.00","8.97","7.81","8.00","7.39","9.88","8.89",""
"107","RB39","Miles Sanders","PHI","10","136.27","153.28","85","-19.68","15.30","8.26","22","2","2.93","4.59","4.95","6.79","7.55","8.00","9.08","10.71","7.74","0.00","10.24","10.03","11.47","11.47","9.77","9.08","11.47","rookie"
"108","QB9","Ben Roethlisberger","PIT","7","294.80","326.34","99","-2.97","15.15","17.58","37","1","19.61","17.46","18.63","20.16","13.81","16.11","0.00","19.27","18.72","18.22","16.47","20.16","16.47","14.67","14.05","20.99","13.81",""
"109","WR54","Anthony Miller","CHI","6","144.51","164.74","136","-21.52","15.65","8.88","24","2","9.83","8.83","8.99","7.18","8.34","0.00","10.23","7.82","10.41","8.62","9.24","8.34","8.62","7.79","9.83","9.61","7.18","INJ"
"110","TE8","Vance McDonald","PIT","7","153.04","169.22","90","-6.98","14.95","9.12","29","2","10.32","7.25","8.21","10.77","9.82","7.18","0.00","10.09","12.20","9.04","10.11","10.77","10.11","6.68","6.64","8.09","9.82",""
"111","TE9","Austin Hooper","ATL","9","152.41","173.98","107","-7.62","15.65","9.37","24","3","9.06","8.80","13.52","7.29","13.56","7.40","10.01","8.03","0.00","6.50","11.03","10.38","6.50","11.03","9.10","8.91","10.38",""
"112","RB40","Jalen Richard","OAK","6","132.18","150.94","144","-23.76","15.65","8.13","25","u","7.95","9.71","7.50","8.68","6.53","0.00","8.18","7.51","8.35","8.55","9.76","7.97","9.71","6.42","7.03","8.55","7.95",""
"113","RB41","Matt Breida","SF","4","130.14","142.27","113","-25.80","14.65","7.66","24","u","8.03","9.16","6.35","0.00","8.11","7.21","7.73","6.66","8.90","7.94","8.90","7.68","5.96","6.50","9.08","7.21","7.94",""
"114","RB42","Kalen Ballage","MIA","5","130.03","146.14","117","-25.92","15.30","7.87","23","4","5.99","8.16","7.23","8.07","0.00","7.78","8.53","6.39","7.52","8.19","8.53","8.15","8.13","7.52","9.14","9.21","8.16",""
"115","RB43","Adrian Peterson","WAS","10","129.91","137.79","120","-26.03","13.90","7.42","34","1","7.65","6.81","5.80","8.60","7.68","8.60","7.58","6.67","8.03","0.00","7.08","7.42","6.31","7.27","7.65","8.60","6.81",""
"116","RB44","Jordan Howard","PHI","10","127.79","143.52","105","-28.16","15.30","7.73","24","5","7.65","8.98","7.75","7.59","7.39","6.96","7.11","8.39","6.06","0.00","8.02","7.85","8.98","8.98","7.65","7.11","8.98",""
"117","TE10","David Njoku","CLE","7","146.49","167.04","97","-13.54","15.65","9.00","23","1","6.69","8.23","9.19","9.98","8.35","7.37","0.00","10.50","9.66","6.75","10.42","10.26","10.42","10.95","6.79","9.98","10.95",""
"118","RB45","Chris Thompson","WAS","10","126.07","133.18","141","-29.87","13.90","7.18","28","5","7.40","6.58","5.61","8.32","7.43","8.32","7.34","6.45","7.77","0.00","6.85","7.17","6.10","7.03","7.40","8.32","6.58",""
"119","TE11","Kyle Rudolph","MIN","12","144.57","164.74","138","-15.46","15.65","8.88","29","2","7.56","8.83","10.94","9.49","7.17","7.99","9.89","7.36","12.91","8.78","9.56","0.00","7.29","9.89","7.22","8.83","9.49",""
"120","WR55","James Washington","PIT","7","134.03","149.89","119","-32.00","15.30","8.08","23","2","8.76","8.33","8.51","8.06","6.10","7.44","0.00","8.59","7.77","8.79","7.85","8.06","7.85","7.83","7.17","10.53","6.10",""
"121","QB10","Kyler Murray","ARI","12","293.68","324.96","109","-4.09","15.15","17.51","22","1","13.26","11.19","16.54","17.69","20.42","20.28","16.60","19.76","18.88","19.65","18.88","0.00","18.46","17.66","16.68","17.69","18.46","rookie"
"122","WR56","Zay Jones","BUF","6","132.48","153.73","-","-33.54","16.00","8.28","24","2","10.28","7.74","7.87","8.54","9.27","0.00","8.38","9.66","8.34","7.66","8.38","8.19","7.23","5.95","8.72","8.54","10.28",""
"123","WR57","Kenny Stills","MIA","5","131.95","147.55","153","-34.08","15.30","7.95","27","5","5.88","8.45","7.15","7.18","0.00","8.25","6.92","8.62","10.16","7.50","6.92","7.58","9.55","10.16","7.66","7.78","8.45",""
"124","TE12","Delanie Walker","TEN","11","140.79","152.64","115","-19.23","14.60","8.22","35","6","8.78","10.60","6.98","6.52","5.77","8.25","6.23","8.13","8.64","11.15","0.00","6.98","10.60","9.45","10.63","5.10","10.63",""
"125","QB11","Baker Mayfield","CLE","7","292.63","332.83","71","-5.14","15.65","17.93","24","1","17.41","21.90","19.01","14.41","19.44","18.22","0.00","20.47","17.29","14.66","18.19","20.11","18.19","21.03","15.31","14.41","21.03",""
"126","RB46","Justin Jackson","LAC","12","119.79","134.11","142","-36.16","15.30","7.23","23","7","8.01","7.70","6.92","8.93","7.33","6.24","5.93","6.02","7.55","7.27","8.96","0.00","7.33","6.48","6.92","7.27","8.96","UPS"
"127","WR58","Quincy Enunwa","NYJ","4","129.14","137.02","122","-36.89","14.25","7.38","27","6","6.57","7.19","8.02","0.00","9.07","6.79","8.02","6.21","7.87","7.27","7.83","7.26","7.39","7.87","5.58","8.19","6.57",""
"128","RB47","Nyheim Hines","IND","6","119.38","135.97","140","-36.56","15.65","7.33","22","4","8.01","6.02","9.07","7.38","9.10","0.00","7.04","7.45","6.34","9.07","6.59","7.04","6.02","8.02","6.50","6.65","6.59",""
"129","RB48","C.J. Anderson","DET","5","118.50","130.40","-","-37.44","14.95","7.03","28","u","8.19","7.38","7.43","8.38","0.00","7.06","6.48","8.36","6.80","5.64","6.61","7.12","5.64","6.48","7.39","6.86","7.06",""
"130","RB49","Darrell Henderson","LAR","9","118.19","132.26","114","-37.76","15.30","7.13","22","3","2.22","2.89","4.51","6.25","7.06","8.01","10.10","10.18","0.00","7.06","6.81","6.62","9.89","8.82","7.99","8.90","9.89","rookie, UPS"
"131","QB12","Mitchell Trubisky","CHI","6","290.13","323.42","-","-7.64","15.30","17.43","25","1","17.85","15.88","17.19","15.24","18.03","0.00","18.68","15.43","19.39","17.92","17.46","15.70","17.92","15.88","17.85","22.04","15.24",""
"132","WR59","Paul Richardson","WAS","10","126.75","137.95","123","-39.27","14.80","7.43","27","2","8.66","6.48","7.21","6.94","7.66","7.51","7.44","5.97","6.27","0.00","9.21","7.17","7.63","8.18","8.66","6.94","6.48",""
"133","QB13","Drew Brees","NO","9","289.91","329.60","89","-7.86","15.65","17.76","40","2","20.53","17.97","17.23","16.36","19.13","16.03","15.85","14.47","0.00","19.75","19.13","17.90","19.75","18.38","18.47","16.46","17.90",""
"134","RB50","Giovani Bernard","CIN","9","116.58","128.22","-","-39.36","14.95","6.91","27","2","7.38","7.44","7.88","5.90","8.27","5.54","6.13","6.70","0.00","5.54","6.87","5.90","6.95","7.53","7.54","8.44","7.53",""
"135","WR60","John Brown","BUF","6","125.55","140.13","147","-40.48","15.30","7.55","29","3","9.36","7.05","7.17","7.78","8.45","0.00","7.63","8.80","7.60","6.98","7.63","7.46","6.59","5.42","7.94","7.78","9.36",""
"136","WR61","DeVante Parker","MIA","5","125.04","137.02","-","-40.98","14.95","7.38","26","1","5.46","7.84","6.64","6.66","0.00","7.65","6.42","8.00","9.43","6.96","6.42","7.03","8.87","9.43","7.11","7.22","7.84",""
"137","WR62","Geronimo Allison","GB","11","124.24","136.10","133","-41.78","14.95","7.33","25","u","7.44","6.16","7.58","8.94","6.69","7.40","7.16","8.25","6.72","7.88","0.00","7.69","7.17","7.72","7.44","6.16","7.40",""
"138","TE13","Trey Burton","CHI","6","132.70","148.32","146","-27.32","15.30","7.99","27","u","8.01","8.67","6.67","7.47","9.93","0.00","5.35","6.55","7.25","8.97","8.25","6.51","8.97","7.97","8.01","11.72","7.47","INJ"
"139","QB14","Jared Goff","LAR","9","288.31","327.87","103","-9.46","15.65","17.66","24","1","18.25","19.62","16.57","19.51","17.57","18.74","20.13","20.28","0.00","17.53","16.16","13.89","14.76","17.57","16.68","18.74","14.76",""
"140","TE14","Jordan Reed","WAS","10","132.22","132.22","145","-27.80","12.65","7.09","29","3","6.60","7.25","7.84","5.93","8.58","8.39","6.83","6.80","5.52","0.00","6.73","8.17","8.27","7.29","6.60","5.93","7.25","CON"
"141","QB15","Jameis Winston","TB","7","287.92","318.30","108","-9.85","15.15","17.15","25","1","17.70","17.24","15.57","17.31","18.53","17.24","0.00","15.84","16.59","13.94","18.53","19.01","15.44","17.78","17.76","19.76","19.01",""
"142","TE15","Eric Ebron","IND","6","131.76","146.14","96","-28.26","15.15","7.87","26","1","6.12","5.61","6.40","9.27","10.94","0.00","10.43","8.10","8.74","8.60","6.85","10.43","5.61","7.98","5.00","8.48","6.85",""
"143","RB51","Kareem Hunt","CLE","7","111.72","201.25","132","-44.22","8.00","10.85","24","3","0.00","0.00","0.00","0.00","0.00","0.00","0.00","0.00","7.33","10.71","8.92","12.75","8.92","12.86","12.49","8.36","12.86","SUS"
"144","QB16","Dak Prescott","DAL","8","286.55","325.73","125","-11.22","15.65","17.55","26","4","15.92","17.42","18.71","18.94","18.09","20.38","19.66","0.00","15.92","15.45","18.16","19.05","13.64","15.60","17.69","19.66","17.42",""
"145","WR63","Albert Wilson","MIA","5","120.88","132.22","-","-45.14","14.95","7.12","27","u","5.27","7.57","6.40","6.43","0.00","7.39","6.20","7.72","9.10","6.71","6.20","6.78","8.56","9.10","6.86","6.97","7.57",""
"146","QB17","Josh Allen","BUF","6","285.97","318.75","-","-11.80","15.30","17.17","23","1","20.03","15.64","19.23","18.71","15.91","0.00","18.38","19.31","17.12","15.71","18.38","15.81","15.82","13.18","16.63","18.71","20.03",""
"147","TD1","Chicago Bears","CHI","6","151.68","175.87","95","24.27","16.00","9.48","?","u","8.65","7.56","11.71","11.82","10.23","0.00","6.53","10.07","9.70","9.48","9.02","10.59","9.48","10.20","8.65","9.04","11.82",""
"148","WR64","Deebo Samuel","SF","4","119.20","138.27","-","-46.82","16.00","7.45","23","2","2.80","3.34","4.63","0.00","6.51","8.20","8.85","9.03","8.11","8.63","8.11","9.68","6.31","10.07","8.80","9.11","8.63","rookie"
"149","TE16","Greg Olsen","CAR","7","126.39","130.37","152","-33.63","13.65","7.02","34","1","7.59","7.86","5.61","10.28","6.75","7.86","0.00","6.90","5.53","7.37","6.31","4.93","6.14","6.31","6.09","10.25","4.93",""
"150","WR65","Adam Humphries","TEN","11","118.19","131.49","-","-47.84","15.30","7.09","26","u","6.85","6.78","5.91","7.41","6.26","7.32","6.49","7.85","7.61","7.97","0.00","5.91","6.78","6.91","8.20","8.48","8.20",""
"151","RB52","Jaylen Samuels","PIT","7","107.63","120.03","135","-48.32","15.30","6.47","23","5","6.49","6.35","6.40","7.32","4.76","6.41","0.00","7.26","6.51","5.76","6.48","7.32","6.48","7.12","6.78","5.98","4.76",""
"152","TD2","Jacksonville Jaguars","JAX","10","141.12","163.78","127","13.71","16.00","8.82","?","u","8.47","8.53","8.47","7.08","9.24","6.12","7.51","9.14","8.53","0.00","8.43","8.47","14.71","9.44","9.59","9.11","8.43",""
"153","TD3","Los Angeles Chargers","LAC","12","136.32","158.08","149","8.91","16.00","8.52","?","u","7.85","8.26","7.94","10.58","6.59","8.46","7.88","9.81","7.55","8.92","7.88","0.00","6.59","10.74","10.30","8.92","7.88",""
"154","WR66","Devin Funchess","IND","6","117.68","128.54","151","-48.34","14.95","6.93","25","2","5.92","7.57","6.77","6.32","7.28","0.00","7.49","6.69","7.12","6.84","5.40","7.49","7.57","7.17","7.75","6.95","5.40",""
"155","TD4","Los Angeles Rams","LAR","9","134.24","155.62","124","6.83","16.00","8.39","?","u","8.04","5.32","8.01","12.80","8.66","9.17","7.93","6.54","0.00","7.91","9.17","7.02","9.55","8.66","8.32","9.17","9.55",""
"156","TD5","Baltimore Ravens","BAL","8","133.60","154.98","150","6.19","16.00","8.35","?","u","10.45","10.09","7.79","8.46","8.35","6.90","9.15","0.00","5.47","6.90","7.84","7.77","9.69","10.00","8.40","8.46","8.35",""
"157","TD6","New England Patriots","NE","10","132.96","154.21","-","5.55","16.00","8.31","?","u","8.02","10.04","8.06","9.60","9.68","8.76","8.06","8.13","7.12","0.00","8.02","8.43","7.53","7.48","6.63","9.60","10.04",""
"158","WR67","D.J. Chark","JAX","10","117.63","133.63","-","-48.40","15.65","7.20","22","2","7.45","7.66","7.74","6.84","7.11","7.92","6.57","8.58","7.66","0.00","6.33","7.74","7.33","6.06","6.46","6.93","6.33",""
"159","TD7","Houston Texans","HOU","10","132.16","153.41","158","4.75","16.00","8.26","?","u","5.59","10.54","8.62","8.44","8.33","7.74","7.70","8.76","10.54","0.00","7.37","7.70","5.43","6.47","7.74","13.44","7.74",""
"160","TD8","New Orleans Saints","NO","9","132.00","153.12","157","4.59","16.00","8.25","?","u","6.89","6.82","8.04","7.71","11.88","9.31","8.51","8.86","0.00","7.36","11.88","7.46","7.36","8.51","6.81","6.83","7.46",""
"161","TD9","Minnesota Vikings","MIN","12","131.36","152.35","131","3.95","16.00","8.21","?","u","8.18","7.28","8.61","9.46","8.91","8.16","7.97","9.85","7.61","8.58","6.36","0.00","8.94","7.97","8.48","7.28","9.46",""
"162","TD10","Denver Broncos","DEN","10","128.32","148.80","159","0.91","16.00","8.02","?","u","8.21","9.02","6.94","9.88","8.08","7.25","7.25","7.22","7.88","0.00","9.48","9.31","8.08","7.30","7.25","7.60","8.21",""
"163","WR68","Ted Ginn","NO","9","115.76","124.35","-","-50.26","14.60","6.70","34","1","7.51","7.03","6.66","5.92","7.19","5.41","6.59","6.26","0.00","6.79","7.19","6.97","6.79","6.80","6.21","7.60","6.97",""
"164","WR69","Marqise Lee","JAX","10","115.71","115.71","-","-50.31","12.00","6.09","27","2","6.30","6.48","6.55","5.79","6.02","6.71","5.56","7.26","6.48","0.00","5.36","6.55","6.20","5.13","5.47","5.86","5.36",""
"165","WR70","Randall Cobb","DAL","8","114.62","125.41","-","-51.40","14.95","6.75","29","2","6.19","6.67","6.70","7.59","7.29","8.22","7.72","0.00","6.19","5.32","6.39","6.83","5.60","6.43","6.86","7.72","6.67",""
"166","WR71","Danny Amendola","DET","5","113.70","120.35","154","-52.32","14.30","6.49","33","u","6.22","5.91","7.86","7.26","0.00","7.43","5.42","6.30","6.30","6.54","5.89","6.79","6.54","5.42","7.14","6.67","7.43",""
"167","WR72","Cole Beasley","BUF","6","113.69","126.66","-","-52.34","15.30","6.82","30","u","8.47","6.38","6.48","7.04","7.64","0.00","6.90","7.96","6.87","6.31","6.90","6.75","5.96","4.90","7.18","7.04","8.47",""
"168","WR73","Trey Quinn","WAS","10","113.12","131.17","148","-52.90","16.00","7.07","23","7","8.24","6.17","6.86","6.60","7.28","7.15","7.08","5.68","5.97","0.00","8.76","6.82","7.26","7.78","8.24","6.60","6.17",""
"169","WR74","A.J. Brown","TEN","11","112.48","130.40","-","-53.54","16.00","7.03","22","2","2.40","3.16","3.45","6.05","5.84","7.69","7.57","9.15","8.88","9.30","0.00","6.89","7.91","8.07","9.56","9.89","9.56","rookie"
"170","WR75","John Ross","CIN","9","111.86","120.35","-","-54.16","14.65","6.49","24","1","6.72","6.86","5.78","7.21","6.31","4.91","5.46","7.09","0.00","4.91","6.39","7.21","8.49","6.33","7.06","6.93","6.33",""
"171","WR76","TreQuan Smith","NO","9","111.85","124.51","-","-54.17","15.30","6.71","23","3","7.52","7.03","6.67","5.93","7.20","5.42","6.59","6.26","0.00","6.80","7.20","6.98","6.80","6.81","6.22","7.60","6.98",""
"172","RB53","Darwin Thompson","KC","12","101.76","109.34","139","-54.18","14.60","5.89","22","6","1.92","2.87","2.89","5.31","6.32","6.14","7.23","7.44","6.82","5.84","7.77","0.00","7.16","7.86","7.23","5.94","7.77","rookie, UPS"
"173","WR77","Josh Doctson","WAS","10","111.39","120.80","156","-54.64","14.80","6.51","26","1","7.59","5.68","6.31","6.08","6.71","6.58","6.52","5.23","5.50","0.00","8.07","6.28","6.68","7.16","7.59","6.08","5.68",""
"174","RB54","Mike Davis","CHI","6","99.68","108.90","-","-56.26","14.95","5.87","26","4","5.86","5.69","5.90","5.37","5.64","0.00","4.96","6.12","6.16","5.98","5.50","6.93","5.98","5.48","5.86","6.95","5.37",""
"175","WR78","Taylor Gabriel","CHI","6","109.60","127.14","-","-56.42","16.00","6.85","28","u","7.58","6.81","6.93","5.53","6.43","0.00","7.89","6.03","8.03","6.65","7.13","6.44","6.65","6.01","7.58","7.41","5.53",""
"176","RB55","Tony Pollard","DAL","8","99.52","110.75","-","-56.43","15.30","5.97","22","4","6.94","5.91","6.94","4.97","5.87","5.71","6.17","0.00","6.94","5.38","5.99","6.20","6.48","4.68","5.51","6.17","5.91","rookie, UPS"
"177","WR79","Chris Conley","JAX","10","109.02","121.28","-","-57.01","15.30","6.54","26","3","6.76","6.96","7.03","6.21","6.46","7.20","5.97","7.80","6.96","0.00","5.75","7.03","6.66","5.50","5.87","6.29","5.75",""
"178","RB56","Ronald Jones II","TB","7","99.35","110.59","143","-56.59","15.30","5.96","22","2","6.41","5.33","7.27","5.77","5.20","5.33","0.00","4.82","6.35","7.12","5.20","7.27","5.27","6.52","6.27","5.63","7.27","INJ"
"179","WR80","Nelson Agholor","PHI","10","108.96","126.37","155","-57.06","16.00","6.81","26","1","7.05","7.01","6.76","7.71","8.69","5.63","6.11","5.92","6.80","0.00","7.22","6.87","7.09","6.55","7.05","6.11","6.55",""
"180","RB57","Ito Smith","ATL","9","98.85","110.11","-","-57.09","15.30","5.93","23","4","5.75","6.60","6.66","4.93","5.76","7.27","5.89","6.49","0.00","5.32","5.44","6.56","5.32","5.44","6.55","5.39","6.56",""
"181","WR81","Marquise Brown","BAL","8","107.46","113.54","-","-58.57","14.25","6.12","22","1","2.21","2.68","3.91","4.70","6.12","6.21","7.13","0.00","7.49","6.90","8.04","7.53","7.29","6.14","9.02","6.72","7.65","rookie"
"182","RB58","Ty Montgomery","NYJ","4","85.87","92.19","-","-70.07","14.60","4.97","26","3","5.35","5.12","5.12","0.00","5.10","4.54","5.12","4.16","5.73","5.73","4.88","4.67","5.78","5.73","3.76","4.01","5.35",""
"183","RB59","Jamaal Williams","GB","11","82.01","91.39","-","-73.93","15.30","4.92","24","4","4.02","4.62","4.89","5.30","4.72","5.14","4.85","5.98","5.26","4.37","0.00","5.26","5.96","5.08","4.02","4.62","5.14",""
"184","WR82","Darren Waller","OAK","6","107.15","117.09","-","-58.87","14.95","6.31","26","6","6.32","6.88","5.14","5.85","6.21","0.00","7.04","7.08","6.17","5.60","6.07","7.93","6.88","7.16","5.10","5.60","6.32",""
"185","RB60","Alexander Mattison","MIN","12","79.85","88.93","-","-76.10","15.30","4.79","21","3","1.98","2.24","2.69","3.12","5.29","5.30","5.71","5.63","6.64","5.23","5.43","0.00","5.78","5.71","5.84","5.59","4.46","rookie, UPS"
"186","WR83","Michael Crabtree","ARI","12","97.14","101.15","-","-68.88","13.90","5.45","31","1","5.36","3.99","5.71","5.45","5.27","5.56","5.19","6.36","5.57","5.88","5.57","0.00","5.75","5.85","5.14","5.45","5.75",""
"187","RB61","Rex Burkhead","NE","10","79.48","85.38","-","-76.47","14.60","4.60","29","6","3.70","5.30","4.36","4.95","4.51","5.30","4.36","4.73","3.47","0.00","4.71","4.19","4.11","5.32","5.34","4.95","5.30",""
"188","WR84","KeeSean Johnson","ARI","12","91.68","104.22","-","-74.34","15.65","5.61","22","6","5.52","4.11","5.88","5.61","5.43","5.73","5.34","6.55","5.73","6.06","5.73","0.00","5.92","6.02","5.29","5.61","5.92","rookie"
"189","RB62","Devin Singletary","BUF","6","77.85","86.75","-","-78.10","15.30","4.67","21","3","1.61","2.61","3.28","4.07","3.46","0.00","6.52","5.80","5.55","5.82","6.52","5.35","5.16","4.27","4.56","5.82","5.36","rookie"
"190","WR85","Miles Boykin","BAL","8","91.68","106.27","-","-74.34","16.00","5.73","22","3","2.07","2.51","3.66","4.41","5.73","5.82","6.68","0.00","7.02","6.46","7.54","7.05","6.83","5.75","8.45","6.30","7.17","rookie, UPS"
"191","RB63","Justice Hill","BAL","8","77.79","88.45","-","-78.15","15.65","4.76","21","4","1.93","2.52","3.22","4.02","3.59","5.83","5.62","0.00","5.74","6.48","4.98","5.10","5.67","6.00","5.29","5.74","4.49","rookie"
"192","WR86","David Moore","SEA","11","91.18","96.03","-","-74.85","14.15","5.17","24","7","5.01","5.55","6.04","4.86","5.46","4.88","3.79","5.28","5.59","5.29","0.00","6.15","4.24","5.46","5.42","4.86","5.29","INJ"
"193","RB64","Frank Gore","BUF","6","76.58","83.68","-","-79.36","14.95","4.51","36","3","4.34","5.27","5.31","4.70","3.50","0.00","5.27","4.69","4.49","4.70","5.27","4.33","4.17","3.46","3.68","4.70","4.34",""
"194","WR87","Travis Benjamin","LAC","12","90.85","101.02","-","-75.18","15.30","5.45","29","4","5.08","5.36","6.15","5.62","5.49","5.85","6.22","5.39","6.12","5.19","5.98","0.00","5.49","4.43","4.46","5.19","5.98",""
"195","RB65","Damarea Crockett","HOU","10","72.35","80.58","-","-83.60","15.30","4.34","21","u","3.80","3.85","4.68","3.89","5.31","5.32","4.76","4.32","3.85","0.00","3.48","4.76","4.74","4.36","3.52","4.69","3.52","rookie, UPS"
"196","RB66","Jerick McKinnon","SF","4","71.75","71.75","-","-84.19","10.15","3.64","27","3","3.81","4.35","3.02","0.00","3.85","3.42","3.67","3.16","4.22","3.77","4.22","3.64","2.83","3.09","4.31","3.42","3.77",""
"197","WR88","DaeSean Hamilton","DEN","10","89.28","103.49","-","-76.74","16.00","5.58","24","4","5.45","5.67","6.43","4.66","5.11","6.53","6.28","5.34","5.40","0.00","4.69","4.93","5.11","6.46","6.28","5.64","5.45",""
"198","RB67","Alfred Blue","JAX","10","71.32","78.08","-","-84.62","14.95","4.20","28","6","5.10","3.94","3.37","4.17","3.73","3.64","5.12","4.18","3.94","0.00","4.56","3.37","4.49","4.49","4.13","5.08","4.56",""
"199","WR89","Terry McLaurin","WAS","10","88.00","102.08","-","-78.02","16.00","5.50","23","3","2.29","2.28","3.17","4.28","5.39","5.95","6.56","5.25","5.52","0.00","8.11","6.31","6.72","7.20","7.62","6.11","5.71","rookie"
"200","RB68","Damien Harris","NE","10","71.01","79.04","-","-84.93","15.30","4.26","22","3","1.22","2.33","2.39","3.80","3.96","5.23","4.78","5.19","3.81","0.00","5.17","4.60","4.51","5.83","5.86","5.43","5.81","rookie"
"201","WR90","Willie Snead","BAL","8","87.36","101.31","-","-78.66","16.00","5.46","26","u","5.53","5.04","5.88","5.05","5.75","5.19","5.36","0.00","5.63","5.19","6.05","5.66","5.48","4.62","6.78","5.05","5.75",""
"202","RB69","Chase Edmonds","ARI","12","70.93","80.58","-","-85.02","15.65","4.34","23","4","4.42","3.36","3.76","4.48","5.17","5.13","5.13","3.67","4.52","4.53","4.52","0.00","4.07","3.59","4.58","4.48","4.07",""
"203","WR91","Marquise Goodwin","SF","4","82.07","88.16","-","-83.96","14.60","4.75","28","3","5.09","4.56","5.06","0.00","4.44","4.97","4.84","4.94","4.43","4.71","4.43","5.29","3.45","5.50","4.81","4.97","4.71",""
"204","RB70","Dontrell Hilliard","CLE","7","67.51","75.17","-","-88.43","15.30","4.05","24","u","3.27","4.05","3.91","3.23","4.34","4.30","0.00","4.40","4.04","4.60","3.44","4.93","3.44","4.97","4.82","3.23","4.97","UPS"
"205","WR92","Rashard Higgins","CLE","7","80.00","92.80","-","-86.02","16.00","5.00","24","5","5.74","6.37","5.31","3.68","5.15","5.04","0.00","5.29","5.08","4.34","5.40","5.19","5.40","4.87","4.73","3.68","4.87","UPS"
"206","RB71","Darren Sproles","PHI","10","62.20","62.20","-","-93.74","12.50","3.32","36","4","3.28","3.86","3.33","3.26","3.17","2.99","3.05","3.60","2.60","0.00","3.44","3.37","3.86","3.86","3.28","3.05","3.86",""
"207","TE17","Jimmy Graham","GB","11","126.17","143.52","-","-33.86","15.65","7.73","32","3","8.15","7.07","8.21","6.86","7.54","8.49","9.39","11.09","6.20","8.60","0.00","7.09","6.16","6.32","8.15","7.07","8.49",""
"208","WR93","Jaron Brown","SEA","11","79.68","88.64","-","-86.34","15.30","4.78","29","u","4.63","5.13","5.58","4.49","5.04","4.50","3.50","4.88","5.16","4.88","0.00","5.68","3.92","5.04","5.00","4.49","4.88",""
"209","RB72","Theo Riddick","DEN","10","56.27","56.27","-","-99.67","11.85","2.95","28","6","2.86","2.37","2.97","2.55","3.10","2.33","3.53","3.15","3.14","0.00","2.73","3.28","3.10","2.73","3.53","3.03","2.86","INJ"
"210","TE18","Mark Andrews","BAL","8","123.29","140.13","-","-36.74","15.65","7.55","23","3","8.00","5.29","10.17","8.01","8.12","8.54","5.74","0.00","8.18","8.54","9.70","7.16","6.51","5.26","6.41","8.01","8.12",""
"211","WR94","Breshad Perriman","TB","7","77.61","81.98","-","-88.41","14.25","4.42","25","1","4.41","4.52","4.11","4.56","5.04","4.52","0.00","4.92","4.32","4.06","5.04","4.40","3.51","4.03","4.25","4.87","4.40",""
"212","RB73","Malcolm Brown","LAR","9","50.01","55.68","-","-105.93","15.30","3.00","26","u","2.64","2.58","3.21","3.18","3.14","3.17","3.60","3.63","0.00","2.51","2.43","2.36","3.52","3.14","2.85","3.17","3.52",""
"213","QB18","Kirk Cousins","MIN","12","272.92","309.95","-","-24.85","15.65","16.70","31","4","18.38","17.10","17.28","14.75","15.05","18.58","17.17","16.47","21.13","15.22","15.22","0.00","16.04","17.17","14.79","17.10","14.75",""
"214","TE19","Jack Doyle","IND","6","119.31","131.65","-","-40.71","15.15","7.10","29","u","5.51","5.05","5.77","8.35","9.86","0.00","9.40","7.30","7.87","7.75","6.18","9.40","5.05","7.19","4.51","7.64","6.18",""
"215","WR95","Demarcus Robinson","KC","12","76.48","88.77","-","-89.54","16.00","4.78","27","4","4.03","4.72","3.63","4.88","4.63","5.60","5.00","5.57","4.06","5.66","4.43","0.00","4.72","5.21","5.00","4.91","4.43",""
"216","RB74","Gus Edwards","BAL","8","46.41","52.61","-","-109.53","15.65","2.84","24","u","3.17","3.11","3.18","2.83","2.22","3.20","2.77","0.00","2.83","3.20","2.46","2.52","2.80","2.96","2.61","2.83","2.22",""
"217","QB19","Tom Brady","NE","10","270.47","307.17","118","-27.30","15.65","16.55","42","6","15.96","17.64","19.22","12.86","16.43","15.01","19.22","15.08","12.65","0.00","18.53","15.18","19.05","21.07","18.45","12.86","17.64",""
"218","TE20","Jason Witten","DAL","8","118.85","132.26","-","-41.17","15.30","7.13","37","3","6.19","6.34","8.75","5.09","7.61","7.02","6.89","0.00","6.19","7.10","8.53","8.96","5.76","8.19","7.84","6.89","6.34",""
"219","RB75","Ryquell Armstead","JAX","10","42.84","47.78","-","-113.10","15.30","2.57","?","5","1.11","1.15","1.23","2.12","2.17","2.38","3.72","3.04","2.86","0.00","3.31","2.45","3.27","3.26","3.01","3.69","3.31","rookie"
"220","QB20","Jacoby Brissett","IND","6","263.27","273.60","-","-34.50","13.85","14.74","26","3","12.79","13.25","15.90","14.95","18.27","0.00","16.53","13.16","13.85","15.30","12.91","16.53","13.25","15.40","15.49","14.41","12.91",""
"221","WR96","J.J. Arcega-Whiteside","PHI","10","75.84","87.87","-","-90.18","16.00","4.74","23","2","1.77","2.34","2.82","4.51","5.80","4.23","5.10","4.94","5.68","0.00","6.03","5.74","5.92","5.47","5.89","5.10","5.47","rookie"
"222","TE21","Dallas Goedert","PHI","10","116.37","129.92","-","-43.66","15.35","7.00","24","2","6.15","6.32","8.27","7.38","6.81","6.88","7.34","5.59","7.94","0.00","8.68","6.10","8.49","6.00","6.15","7.34","6.00",""
"223","QB21","Philip Rivers","LAC","12","261.97","297.57","137","-35.80","15.65","16.03","37","1","16.60","16.58","18.45","17.09","14.70","15.46","14.79","14.25","16.52","16.69","20.40","0.00","14.70","14.41","14.10","16.69","20.40",""
"224","RB76","Kyle Juszczyk","SF","4","42.16","47.81","-","-113.78","15.65","2.58","28","4","2.70","3.08","2.14","0.00","2.73","2.42","2.60","2.24","2.99","2.67","2.99","2.58","2.00","2.19","3.05","2.42","2.67",""
"225","WR97","Parris Campbell","IND","6","73.68","81.98","-","-92.34","15.30","4.42","22","2","1.33","2.27","2.53","3.31","4.36","0.00","5.60","5.00","5.33","5.12","4.04","5.60","5.66","5.36","5.80","5.20","4.04","rookie, UPS"
"226","QB22","Matthew Stafford","DET","5","253.63","288.00","-","-44.14","15.65","15.52","31","1","13.07","14.35","18.03","20.50","0.00","16.59","14.17","14.60","16.76","14.31","14.77","15.98","14.31","14.17","17.27","14.76","16.59",""
"227","TE22","Chris Herndon","NYJ","4","116.15","116.15","-","-43.87","11.65","6.06","23","4","4.38","6.67","6.81","0.00","5.24","5.75","6.81","5.30","6.65","4.70","4.82","7.17","7.10","6.65","6.47","6.75","4.38","MISC, SUS"
"228","QB23","Jimmy Garoppolo","SF","4","252.77","271.58","-","-45.00","14.60","14.63","27","2","16.14","16.78","14.51","0.00","13.71","15.17","14.93","15.10","12.21","14.54","12.21","15.51","11.50","16.23","16.66","15.17","14.54",""
"229","RB77","Karan Higdon","HOU","10","41.51","46.11","-","-114.43","15.30","2.49","22","u","2.18","2.21","2.69","2.23","3.04","3.05","2.73","2.48","2.21","0.00","2.00","2.73","2.72","2.50","2.02","2.69","2.02","rookie"
"230","QB24","Sam Darnold","NYJ","4","250.54","278.88","-","-47.23","15.30","15.03","22","1","11.95","14.01","16.69","0.00","17.22","14.11","16.69","13.83","16.40","13.95","15.27","16.01","17.15","16.40","11.75","14.83","11.95",""
"231","TE23","T.J. Hockenson","DET","5","110.47","125.57","-","-49.55","15.65","6.76","22","1","1.79","2.57","3.55","8.04","0.00","7.06","7.32","6.38","9.73","8.44","7.81","6.54","8.44","7.32","8.38","8.50","7.85","rookie"
"232","TD11","Cleveland Browns","CLE","7","127.84","148.32","160","0.43","16.00","7.99","?","u","7.57","8.17","7.55","7.21","9.42","8.90","0.00","5.32","6.33","9.72","8.12","10.16","8.12","6.71","9.81","7.21","6.71",""
"233","TD12","Pittsburgh Steelers","PIT","7","126.08","146.18","-","-1.33","16.00","7.88","?","u","5.16","8.64","9.15","6.52","7.00","8.19","0.00","9.87","7.32","7.34","7.99","6.52","7.99","9.53","9.44","7.93","7.00",""
"234","TD13","Buffalo Bills","BUF","6","125.60","145.70","-","-1.81","16.00","7.85","?","u","8.14","8.84","6.69","5.30","7.54","0.00","10.13","8.10","9.77","8.20","10.13","6.31","8.51","7.19","8.10","5.30","8.14",""
"235","TD14","Tennessee Titans","TEN","11","123.84","143.68","-","-3.57","16.00","7.74","?","u","7.54","6.91","9.45","7.46","8.91","5.80","7.73","12.05","7.57","6.94","0.00","9.45","6.91","7.85","6.99","5.01","6.99",""
"236","TD15","Philadelphia Eagles","PHI","10","123.52","143.23","-","-3.89","16.00","7.72","?","u","8.74","7.26","7.07","6.46","7.28","8.82","7.61","8.66","8.39","0.00","4.74","7.93","9.06","7.90","8.74","7.61","7.90",""
"237","TD16","Dallas Cowboys","DAL","8","122.08","141.66","-","-5.33","16.00","7.63","?","u","8.18","9.04","9.37","5.04","6.68","7.53","7.49","0.00","8.18","9.12","7.32","4.90","8.96","8.68","6.97","7.49","9.04",""
"238","WR98","Chris Hogan","CAR","7","72.18","80.29","-","-93.85","15.30","4.33","30","u","4.42","4.53","3.94","4.73","3.41","4.53","0.00","4.28","4.78","4.71","4.28","4.89","4.30","4.28","4.19","3.91","4.89",""
"239","QB25","Andy Dalton","CIN","9","247.80","271.58","-","-49.97","15.00","14.63","31","2","14.98","15.98","12.05","14.95","12.58","11.85","13.94","15.62","0.00","11.85","16.14","14.95","18.00","14.12","16.82","16.52","14.12",""
"240","TD17","Indianapolis Colts","IND","6","121.76","141.22","-","-5.65","16.00","7.61","?","u","7.73","6.94","7.47","7.86","6.94","0.00","6.99","5.80","7.45","9.32","9.46","6.99","6.94","12.06","5.01","7.57","9.46",""
